student_id,content,wording
000000ffffff,-1.2002248739777714,-0.8924343666576067
111111eeeeee,-1.2002248739777714,-0.8924343666576067
222222cccccc,-1.2002248739777714,-0.8924343666576067
333333dddddd,-1.2002248739777714,-0.8924343666576067
